{
    "disposed":false,
    "pendingRemovals_":{},
    "dispatching_":{},
    "listeners_":{"change:geometry":[null],"change":[null],"propertychange":[null]},
    "revision_":3,
    "ol_uid":"29",
    "values_": {
        "geometry":{
            "disposed":false,
            "pendingRemovals_":null,
            "dispatching_":null,
            "listeners_":{"change":[null]},
            "revision_":1,
            "ol_uid":"28",
            "values_":null,
            "extent_":[4.2237315,51.27048412,4.22766556,51.27190454],
            "extentRevision_":1,
            "simplifiedGeometryMaxMinSquaredTolerance":1.1510792319313623e-10,
            "simplifiedGeometryRevision":1,
            "layout":"XY",
            "stride":2,
            "flatCoordinates":[4.2238668,51.27190454,4.22766556,51.27064303,4.22753213,51.27048412,4.2237315,51.27174641,4.2238668,51.27190454],
            "endss_":[[10]],
            "flatInteriorPointsRevision_":-1,
            "flatInteriorPoints_":null,
            "maxDelta_":-1,
            "maxDeltaRevision_":-1,
            "orientedRevision_":1,
            "orientedFlatCoordinates_":[4.2238668,51.27190454,4.22766556,51.27064303,4.22753213,51.27048412,4.2237315,51.27174641,4.2238668,51.27190454]
            },
        "tml_cd_bl":"ICO",
        "tml_bl_cd":"Q5",
        "tml_bl_rmk":""
    },
    "id_":"Block_ICO.14",
    "geometryName_":"geometry",
    "geometryChangeKey_":{
        "target":{
            "disposed":false,
            "pendingRemovals_":null,
            "dispatching_":null,
            "listeners_":{"change":[null]},
            "revision_":1,
            "ol_uid":"28",
            "values_":null,
            "extent_":[4.2237315,51.27048412,4.22766556,51.27190454],
            "extentRevision_":1,
            "simplifiedGeometryMaxMinSquaredTolerance":1.1510792319313623e-10,
            "simplifiedGeometryRevision":1,
            "layout":"XY",
            "stride":2,
            "flatCoordinates":[4.2238668,51.27190454,4.22766556,51.27064303,4.22753213,51.27048412,4.2237315,51.27174641,4.2238668,51.27190454],
            "endss_":[[10]],
            "flatInteriorPointsRevision_":-1,
            "flatInteriorPoints_":null,
            "maxDelta_":-1,
            "maxDeltaRevision_":-1,
            "orientedRevision_":1,
            "orientedFlatCoordinates_":[4.2238668,51.27190454,4.22766556,51.27064303,4.22753213,51.27048412,4.2237315,51.27174641,4.2238668,51.27190454]
            },
        "type":"change"}
},

{
flatCoordinates":[4.2260082,51.27438658,4.2297617,51.27313524,4.22963454,51.27298241,4.22828122,51.27342699,4.22802378,51.27351134,4.22794501,51.2735376,4.22788064,51.27355915,4.22780845,51.27358296,4.22775709,51.2736003,4.22770384,51.27361774,4.22762649,51.27364419,4.22754302,51.27367211,4.22749244,51.27368886,4.22744186,51.2737061,4.22735839,51.27373373,4.22726741,51.27376351,4.22714855,51.27380495,4.22650759,51.27401519,4.22638748,51.27405506,4.22628146,51.27409121,4.22587478,51.27422631,4.22585786,51.27425746,4.22595871,51.27437796,4.2260082,51.27438658],
}